id,name,type,category,organizer,prestigeTier,cost,commitment,eligibility,format,description,timing,payoff,notes,url,confidence,verified,effort,competitiveness,skills,prestige,clubFit,accessibility,clubStatus,clubNotes,lastVerified
wharton-global-high-school-investment-competition,Wharton Global High School Investment Competition,Competition,Investing & Portfolio Management,"Wharton Global Youth Program, University of Pennsylvania",Tier 1 - National/Global flagship,Free (travel to Philadelphia finals not covered),~3-5 hrs/week for 10 weeks,Grades 9-12 worldwide. Teams of 4-6 from the same school + a required teacher advisor. Team leader must be 16+ on day one. Homeschoolers may request approval.,10-week team portfolio simulation (Wharton Investment Simulator) + written deliverables -> semifinal presentations -> Global Finale at Wharton,"The single best-known investing competition for high schoolers. Each team gets a real Wharton alum as a 'client' with a fictional-but-realistic financial situation, then builds a long-term investment strategy for that client using a $500,000 simulated portfolio (stocks and ETFs only). Crucially, teams are NOT judged on raw returns -- they are judged on the quality and consistency of their strategy versus the client's stated goals and risk tolerance. Deliverables include a team roster, an Investment Policy Statement, and a final report. Roughly 5,400 teams entered the 2025-26 cycle; 49 reached virtual semifinals and 11 made the Global Finale in Philadelphia. Stuyvesant High School won 2026.","2026-27: Registration opens August 2026. ADVISOR REGISTRATION DEADLINE 5:00pm ET Fri Sept 11, 2026. Competition runs Sept 28 - Dec 4, 2026. Roster due Oct 9, 2026. Finale ~late April 2027.","Global Finale trip to Wharton, Wharton online course fee waiver for finalists, champion school gets a fast-track semifinal slot next year, strong resume/essay material","THE highest-priority item on this list for your club and the deadline is in ~5 weeks. You need a teacher advisor locked in before Sept 11. Run multiple teams -- there's no cap that hurts you, and it gives more members a real role. The judging-on-strategy-not-returns point is where most teams lose: write the Investment Policy Statement first and make every trade traceable back to it.",https://globalyouth.wharton.upenn.edu/competitions/investment-competition/,Verified Aug 2026,TRUE,8,8,6,9,10,9,not-started,,2026-08-03
young-investors-society-global-stock-pitch-competition,Young Investors Society (YIS) Global Stock Pitch Competition,Competition,Investing & Portfolio Management,"Young Investors Society (YIS), a 501(c)(3)","Tier 2 - Strong national, elite within finance circles",$25 per person for US events,20-40 hrs on one pitch,"High school students only, US and international. Solo or teams of up to 2. Teammates may be from different schools but must register under the same state event.",Submit a written stock pitch report + PowerPoint + YouTube video of your presentation -> state/territory judging -> top 100 invited to NYC quarterfinals -> semis (24) -> finals (5),"The closest thing to a genuine professional equity research experience available at the high school level. Students pick one publicly traded company, do real fundamental research (some teams even get calls with company investor relations or management), build an intrinsic value model, and issue a Buy or Sell recommendation. All three components -- report, deck, and video -- are required. Winners advance to the Global Youth Investment Summit in New York City, a two-day event with workshops, industry speakers, case competitions, and networking. YIS also publishes free templates, an intrinsic value model, a Stock Investing 101 eBook, and past winning pitches on YouTube.","2025-26 cycle: registration opened Dec 12, closed Feb 20; NYC Summit May 28-29. Expect a near-identical 2026-27 calendar -- watch for December registration.","NYC Global Youth Investment Summit invite, industry networking, a portfolio-quality work product you can show any admissions officer or future employer",Highest skill ceiling per dollar on this list. The written pitch is a genuinely reusable artifact -- students can put the PDF in a portfolio. Note NYC travel is family-funded; start fundraising in the fall if you want to send teams.,https://yis.org/programs/stock-pitch-competition/,Verified Aug 2026,TRUE,7,6,8,6,9,8,not-started,,2026-08-03
yis-finance-knowledge-bowl,YIS Finance Knowledge Bowl,Competition,Investing & Portfolio Management,Young Investors Society,Tier 3 - Solid skill-builder,Low / free for chapters (confirm current cycle),Light -- study sessions plus event day,"High school students, generally through YIS chapters",Quiz-bowl style rapid-fire finance and investing questions,"A team trivia-style competition on investing and finance fundamentals -- terminology, market mechanics, valuation basics, financial history. Lower barrier than the Stock Pitch Competition and a good way to get newer or younger club members competing early, and to build the shared vocabulary the rest of your club activities depend on.",Runs during the school year; check the MyYIS calendar,"Recognition, team-building, foundational knowledge",Excellent onboarding activity for freshmen and sophomores. Use it as your club's fall recruiting hook.,https://yis.org/programs/finance-knowledge-bowl/,Verified page exists Aug 2026 -- confirm 2026-27 dates/fees with YIS,TRUE,3,4,4,3,9,8,not-started,,2026-08-03
yis-cyia-designation,YIS CYIA (Certified Young Investment Analyst) Designation,Certification,Investing & Portfolio Management,Young Investors Society,Tier 3 - Niche but concrete,Confirm with YIS,Self-paced over weeks/months,High school students,Self-paced coursework and assessment leading to a designation,"A structured, credential-bearing curriculum for high schoolers that mirrors -- at an introductory level -- the logic of professional designations like the CFA. Useful as a concrete, verifiable line on a resume that shows sustained study rather than one-off participation.",Self-paced,A named designation and a defensible knowledge base,Good club-wide goal: 'every member earns CYIA by spring.' Creates a measurable club outcome you can report to your school.,https://yis.org/programs/cyia-designation/,Verified page exists Aug 2026 -- confirm requirements/fees,TRUE,6,2,6,4,8,8,not-started,,2026-08-03
the-stock-market-game,The Stock Market Game (SMG),Competition,Trading Simulation,SIFMA Foundation,"Tier 3 - Broad participation, low selectivity",Free in most states (sponsor-funded); NC funded via NCCEE sponsors,1-2 hrs/week,"Grades 4-12, US. Team-based, run through a teacher/advisor. Available in NC through the NC Council on Economic Education.","Online portfolio simulation, $100,000 hypothetical, real-time pricing, stocks/bonds/ETFs/mutual funds","The oldest and most widely used investing simulation in American schools -- nearly 20 million students since 1977. Teams manage a hypothetical $100,000 portfolio against real market data and compete on portfolio performance within their state and grade division. Lower analytical rigor than the research-and-pitch competitions, but it is free, easy to run, has excellent teacher support materials, and works as a semester-long backbone activity that everyone in a club can participate in simultaneously.",Fall and spring sessions plus a year-long option; register through NCCEE,"State/regional recognition, awards banquets, hands-on market familiarity",Use this as your club's 'everyone plays' baseline activity while your strongest teams do Wharton and YIS. It also unlocks InvestWrite eligibility.,https://www.stockmarketgame.org/,Verified Aug 2026,TRUE,3,4,3,3,9,9,not-started,,2026-08-03
investwrite,InvestWrite,Competition,Investing & Portfolio Management,SIFMA Foundation,"Tier 3 - Good national recognition, modest selectivity",Free,5-10 hrs,Grades 4-12 -- but ONLY open to students participating in The Stock Market Game,National essay competition responding to an annual prompt; advisors submit the best essays,"The written companion to the Stock Market Game. Students write an essay applying investing concepts -- long-term strategy, diversification, risk -- to a prompt set each session. Essays are scored on rationale, subject-matter understanding, and writing style by volunteer industry judges. It rewards students who can explain their reasoning, which is a different and often rarer skill than picking stocks.",Fall and spring deadlines tied to SMG sessions,"National and state recognition, awards ceremonies, judged by finance professionals","Cheap add-on: if you're already running SMG, entering InvestWrite costs you nothing extra and doubles the recognition surface. Good for members who write well but aren't quant-oriented.",https://sifmafoundation.org/investwrite/,Verified Aug 2026,TRUE,3,5,3,4,6,8,not-started,,2026-08-03
capitol-hill-challenge,Capitol Hill Challenge,Competition,Trading Simulation,"SIFMA Foundation, presented by the Charles Schwab Foundation",Tier 2 - Prestigious but access-limited,Free,1-2 hrs/week,"INVITATION ONLY. Public middle and high schools, priority to Title I schools with highest need. Up to 2 schools per Member of Congress, up to 15 teams per school, 3-5 students per team.",Special edition of the Stock Market Game; each team is paired with your local Member of Congress,"A national version of the Stock Market Game that reaches every US Congressional district, pairing student teams with their Representative or Senator. Top-10 teams nationally earn recognition and the opportunity to meet with government officials in Washington. The 2026 edition ran Jan 26 - May 1 with a June celebration. Rules include a $5-per-trade commission, so it rewards discipline rather than churn.",Roughly late January - early May; roster deadline was March 6 in 2026,"National top-10 recognition, meetings with Members of Congress, DC celebration","You cannot simply apply -- you have to be invited. If your school is public and Title I eligible, have your advisor email capitolhill@sifma.org to express interest. Otherwise treat this as aspirational.",https://www.stockmarketgame.org/capitol-hill-challenge.html,Verified Aug 2026,TRUE,3,6,3,5,7,3,not-started,,2026-08-03
nc-capitol-challenge,NC Capitol Challenge (Stock Market Game),Competition,Trading Simulation,"North Carolina Council on Economic Education (NCCEE), Raleigh",Tier 3 - Strong state-level visibility,Free,1-2 hrs/week,North Carolina middle and high school teams,Statewide Stock Market Game variant pairing student teams with NC General Assembly members,"North Carolina's own version of the Capitol Hill Challenge. Student teams across the state are paired with members of the NC General Assembly and compete on portfolio growth. Sponsored at the high school level by State Farm, with credit union and Fidelity support. A genuinely local way to get your club in front of state legislators -- which is unusual access for a high school investing club and makes for excellent local press.",Runs during the school year; contact NCCEE for the 2026-27 window,"Recognition at regional awards banquets, contact with state legislators",NCCEE is headquartered right in Raleigh (8380 Six Forks Road). Get your advisor on their mailing list -- they run the state qualifiers for the national Econ and Personal Finance Challenges too. This is your single highest-leverage local relationship.,https://www.nccee.org/financial-literacy-programs/academic-competitions/,Verified Aug 2026,TRUE,3,5,3,4,9,8,not-started,,2026-08-03
cme-group-trading-challenge,CME Group Trading Challenge (monthly),Competition,Trading Simulation,CME Group / CME Institute,Tier 4 for HS (prize-ineligible) but excellent learning,Free,~5 hrs over one week,Open registration but AGE-RESTRICTED for prizes -- terms specify age limits and eligible countries. Most high schoolers under 18 will be practice-only.,"One-week futures trading simulation on a professional platform, plus required CME Institute coursework","A recurring (roughly monthly) simulated futures trading competition. Participants trade CME products -- equity index, energy, metals, agricultural futures, including micro contracts -- in a live-market simulator, with cash prizes for top leaderboard finishers and daily P&L winners. Requires completing CME Institute courses to qualify for prizes. Even where students are ineligible for prizes, the free CME Institute curriculum on futures and derivatives is genuinely good and hard to find elsewhere at this level.","Recurring monthly windows; e.g. Aug 9-14, 2026",Free derivatives education; cash prizes only for eligible (adult) participants,READ THE TERMS before your members register -- age restrictions vary by cycle. Use it as a club learning module on derivatives rather than a credential. Nothing else free teaches futures this well.,https://www.cmegroup.com/education/trading-challenge.html,Verified Aug 2026 -- confirm age terms each cycle,TRUE,4,6,7,3,7,6,not-started,,2026-08-03
imc-prosperity,IMC Prosperity (algorithmic trading challenge),Competition,Quantitative & Trading,IMC Trading,Practice-only for HS; Tier 1 in the quant world,Free,1-2 hrs/day for 2 weeks,Platform open to anyone for learning. Prizes and leaderboard ranking restricted to university students 18+. High schoolers can play but cannot win.,Two-week Python-based algorithmic + manual trading simulation across five rounds,"A large, well-run global trading challenge where teams write Python trading algorithms to compete in a simulated market covering market making, options, and risk. Over 48,000 players have participated across editions. High school students can sign up and play for learning purposes -- and this is one of the best available introductions to quantitative trading -- but only 18+ university students are eligible for the $50,000 prize pool and official ranking.","Registration opens ~mid-March, competition mid-to-late April","Real algorithmic trading experience, active Discord community, Python portfolio work","Be honest with members: they cannot win. But for anyone considering quant, this plus AMC/AIME is the real pipeline. A club 'quant track' could do the tutorial round together in the spring.",https://prosperity.imc.com/,Verified Aug 2026,TRUE,8,9,9,4,6,7,not-started,,2026-08-03
ascend-berkeley-stock-pitch-competition,Ascend Berkeley Stock Pitch Competition,Competition,Investing & Portfolio Management,AlgoEd (commercial education company; Berkeley-affiliated branding),"Commercial - low admissions signal, decent practice",$45-$55 per student depending on deadline tier,15-25 hrs,"Teams of 2-5, all from the same school. Separate middle school and high school categories.",Preliminary pitch deck submission -> top 8 per category present live on Zoom to judges,"A paid pitch-deck competition with a high school track focused on stock picking toward a defined investment goal. Finalists present live to a judging panel of professors and industry experts. Legitimate as practice and feedback, but understand what you are buying: entry fees run $45-$55 per student and the organizer is a for-profit education company, not the university itself.","Priority deadline ~mid-November, regular ~early December, late ~early January","Judge feedback, certificates, live presentation practice",Skip this if budget is tight -- YIS gives you more for $25. Included here so you can recognize the category: many 'university-branded' high school competitions are run by third-party companies. Always check who actually operates the event.,https://www.algoed.co/competitions/ascend-berkeley-stock-pitch-competition,Verified Aug 2026,TRUE,5,5,6,3,7,7,not-started,,2026-08-03
regional-local-stock-pitch-competitions,"Regional / local stock pitch competitions (e.g. Wall Street South, Stevens Trading Day)",Competition,Investing & Portfolio Management,"Regional economic development boards, universities, local finance firms","Tier 3 regionally, but exceptional networking value",Usually free,20-30 hrs,Varies -- usually restricted to schools in a defined region,Live pitch competitions judged by local finance executives,"A fast-growing category worth tracking. The inaugural Wall Street South Stock Pitch Competition (Palm Beach County, Jan 2026) brought 21 high schools to pitch live to 15 finance executives including the Head of Florida for Point72, with a traveling trophy and career talks. Stevens Institute runs a Trading Day for high school sophomores and juniors using StockTrak. These events offer something national competitions cannot: direct, in-person contact with working professionals who hire.",Varies by region,"Face time with local finance professionals, internship leads, local press","ACTION ITEM: nothing like this exists in the Triangle yet as far as I found. Given Fidelity's large RTP campus, Raleigh's banking presence, and NCCEE being local, your club could credibly propose founding one. That would be a far stronger leadership story than winning any single competition.",https://pbcedu.org/wall-street-south-stock-pitch-competition-brings-regions-top-students-face-to-face-with-finance-leaders/,"Verified Aug 2026 (as a model, not a Triangle event)",TRUE,6,5,7,4,9,5,not-started,,2026-08-03
national-economics-challenge,National Economics Challenge (NEC),Competition,Economics,Council for Economic Education (CEE); NC state round run by NCCEE,Tier 1 - National flagship,Free,Sustained study across a semester,Teams of 3-4 high school students enrolled for HS credit during the academic year. Two divisions: Adam Smith (AP/IB/honors and returning competitors) and David Ricardo (first-timers with no more than one econ course).,Online state qualifying exams -> state finals -> online national semifinals -> in-person national finals,"America's premier high school economics competition, and it is genuinely hard. Content covers microeconomics, macroeconomics, international economics, and current events. The national semifinal is a 45-question multiple-choice exam; the finals add a critical thinking/case round and a rapid-fire quiz bowl where teams answer in about 20 seconds per question. The two-division structure is the key strategic feature -- David Ricardo gives beginners a real shot without facing AP veterans.","2026 cycle: state exams Jan-Mar, online semifinals Apr 20-24, national finals Atlanta May 27-29. Expect a similar 2027 calendar; NC registration through NCCEE opens in winter.","Cash prizes ($1,000 / $500 / $250 / $200 per team member plus coach), national recognition, CNBC coverage",Enter BOTH divisions if you have the members -- Ricardo is a realistic medal shot for underclassmen while Smith develops your AP Econ students. Pair with AP Macro/Micro coursework so the studying does double duty.,https://www.councilforeconed.org/programs/for-students/national-economic-challenge/,Verified Aug 2026,TRUE,7,9,9,8,8,8,not-started,,2026-08-03
nc-econchallenge,NC EconChallenge (state round of the NEC),Competition,Economics,North Carolina Council on Economic Education,Tier 2 - Gateway to Tier 1,Free,Semester of study,NC high school teams; top 8 per division (max 2 teams per school) advance to state championship,Online qualifying exam -> NC Live State Championship -> national semifinals,"North Carolina's qualifying pathway to the National Economics Challenge. Top eight scoring teams per division from the online round are invited to the live state championship. Winners advance to the national semifinals. Because it runs through NCCEE in Raleigh, this is one of the most locally accessible high-prestige competitions available to you.",Online testing window in winter/spring; watch NCCEE for 2026-27 dates,"State championship title, path to nationals",Note the 'no more than two teams per school' cap at the state championship level -- pick your strongest two rosters rather than diluting across many.,https://econchallenge.unl.edu/North%20Carolina/Schedule,Verified Aug 2026,TRUE,6,7,8,6,8,9,not-started,,2026-08-03
high-school-fed-challenge,High School Fed Challenge,Competition,Economics,"Federal Reserve System (administered by the NY Fed, with Dallas and Richmond)","Tier 2 - Federal Reserve imprimatur, genuine publication",Free,30-50 hrs over the spring,Grades 9-12 at any high school in one of the 12 Federal Reserve Districts. No prior economics coursework required. Team-based with a faculty advisor.,Research and writing competition -- teams write an economics podcast script on an annual theme,"Now in its 31st year, this is a research-and-writing competition rather than a live debate. Each year the Fed announces a theme (2025-26 was 'Economics of Music') and teams write a podcast script analyzing any topic connected to it. Reviewers select the best submissions for publication in the Journal of Future Economists. In 2026, 207 papers were submitted and 12 were selected for publication. All participating schools receive recognition in the Journal. The creative-theme format makes it unusually accessible to students who haven't taken economics.","2025-26 cycle: theme announced Sept 9, registration deadline Feb 17, papers due Mar 16, decisions May 15. Expect a similar 2026-27 calendar with a September theme announcement.","Publication in the Journal of Future Economists, certificates for all participants, Federal Reserve recognition",'Published by the Federal Reserve' is a rare and durable line for a 17-year-old. The creative theme means strong writers can beat stronger economists. Watch for the September 2026 theme announcement.,https://www.federalreserve.gov/aboutthefed/educational-tools/national-high-school-fed-challenge.htm,Verified Aug 2026,TRUE,6,7,6,7,8,9,not-started,,2026-08-03
usa-economics-and-business-olympiad-international-economics-,USA Economics and Business Olympiad (USAEBO) -> International Economics Olympiad (IEO),Competition,Economics,USAEBO (national selection) / IEO (international),"Tier 1 - International olympiad, top-tier admissions signal",Registration fee for USAEBO (modest); IEO travel covered/organized for Team USA,Months of independent study,"Individual. Under 20 as of June 30 of the Olympiad year, HS graduation date after Dec 1 of the prior year. For Team USA: US citizen, permanent resident, or full-time US middle/high school student.","Round 1 open multiple-choice exam -> Round 2 final round -> 5 students selected for Team USA -> IEO (economics/finance MCQ, open questions, and a business case presented to an international jury)","The most academically demanding option on this list and the only true international olympiad in economics. USAEBO is the sole pathway onto Team USA. At the IEO itself, contestants sit an economics and finance multiple-choice exam, answer open-ended questions, and present a business case to an international jury. In 2026 the IEO was held July 12-19 in Shenzhen, China, with 52 national teams; it was the first year the US competed in person and Team USA placed 6th. Over 74 countries have participated historically.",USAEBO registration typically opens in winter; IEO each July,"Team USA selection, international medals, elite recognition","Individual, not team, so it's a personal-glory track rather than a club activity -- but sponsor your strongest econ student into it. NAMING WARNING: several unrelated organizations use similar names ('International Economics Olympiad' at econolympiad.org, 'Economics Olympiad' at economicsolympiad.org). The official IEO is ieo-official.org and the only US pathway is usaebo.org. Verify before paying anyone.",https://www.usaebo.org/,Verified Aug 2026,TRUE,8,10,9,9,5,7,not-started,,2026-08-03
economics-olympiad-americas-challenge,Economics Olympiad (EO) Americas Challenge,Competition,Economics,Economics Olympiad / INESS (economicsolympiad.us),Tier 2/3 - Real but less established in the US,Varies; check current cycle,Independent study,High school students aged roughly 14-20 in North and South America,School Round online exam -> Intercontinental Round in person -> International Finals,"A separate international economics competition from the IEO, structured as School, Regional, National, and International rounds. The 2026 Americas Challenge ran a School Round online in late February, invited the top 100 students to an in-person Intercontinental Round at Universidad Francisco Marroquin in Guatemala City in May, and sent the top 10 to International Finals in August. Legitimate, but distinct from and less established in the US than USAEBO/IEO.",School Round late February; later rounds spring/summer,"International travel rounds, recognition","Don't confuse this with the IEO. If a student is choosing one, USAEBO/IEO carries more weight in the US. This is a reasonable second shot.",https://economicsolympiad.us/about-eo/,Verified Aug 2026,TRUE,6,7,8,5,5,7,not-started,,2026-08-03
national-personal-finance-challenge,National Personal Finance Challenge (NPFC),Competition,Personal Finance,"Council for Economic Education, with the Voya Foundation; NC round via NCCEE",Tier 1 - National flagship in personal finance,Free,Moderate -- study plus case prep,"Teams of 3-4 high school students, must have a coach affiliated with the school. Students represent the state they're enrolled in.",Online 30-question qualifying round -> state finals -> in-person national finals (case study financial plan + quiz bowl for the top 16),"The national counterpart to the Economics Challenge, focused on practical money management: earning, spending, saving, investing, credit, insurance, and risk. The national finals require teams to build a complete financial plan for a fictitious family and present it to judges, then the top 16 advance to a quiz bowl. CEE covers lodging and group meals for national finalists (transportation excluded). 38 teams reached the 2026 finals in Atlanta on June 1.","2026 cycle: state rounds through the school year, advancement notifications by Apr 28, national finals Atlanta May 31 - Jun 1. NC round ran Jan 20 - Mar 28, 2026 via NCCEE.","All-expenses-covered national finals (excl. travel), national championship title, cash prizes","Materially easier than the Economics Challenge but nearly as recognized, so the effort-to-reward ratio is excellent. North Carolina now requires a standalone personal finance course to graduate, which means your members are already studying the content. The NC state championship was hosted at Fidelity's Durham campus in 2026 -- that is a networking room worth being in.",https://www.councilforeconed.org/programs/for-students/national-personal-finance-challenge/,Verified Aug 2026,TRUE,5,7,5,6,8,9,not-started,,2026-08-03
nc-personal-finance-challenge,NC Personal Finance Challenge,Competition,Personal Finance,North Carolina Council on Economic Education,"Tier 2 - Direct path to nationals, strong local visibility",Free,Moderate,NC middle and high school students; high school teams compete toward the state championship and then nationals,"Online multiple-choice exam -> state championship (written assessment, 48-hour family case study, quiz bowl)","North Carolina's qualifier for the NPFC. The state championship has three phases: an individual timed written assessment aggregated into a team score, a detailed fictitious family scenario with 48 hours to prepare a financial plan presented to expert judges, and a quiz bowl for the top two teams per division. The 2026 championship was held at Fidelity Investments in Durham, with the State Treasurer in attendance.",2026 window was Jan 20 - Mar 28; state championship in April,"State championship, national qualification, exposure to Fidelity and state officials","Realistically your club's most winnable high-visibility state title. Contact Amber Thomas at NCCEE (acthomas@nccee.org, 919-791-1995) before the fall to get on the list early.",https://financechallenge.unl.edu/North%20Carolina/About,Verified Aug 2026,TRUE,5,6,5,5,9,10,not-started,,2026-08-03
new-nc-statewide-financial-literacy-competition,"New NC statewide financial literacy competition (announced, launching)",Competition,Personal Finance,NC Department of State Treasurer,Unknown -- ground floor,Expected free,TBA,NC high school students (details pending),TBA,"Treasurer Brad Briner announced in April 2026 that his office would launch a new statewide financial literacy competition for students, alongside a high school internship and a network of school-based financial literacy clubs built on the Finance Fridays newsletter curriculum. The department was named 2026 Government Organization of the Year by the Institute for Financial Literacy. Details were slated to be announced in fall 2026 -- meaning right now.",Announcement expected fall 2026,State-level recognition; first-mover advantage as an inaugural participant,"HIGH-PRIORITY WATCH ITEM. Being among the first schools in an inaugural statewide competition is disproportionately valuable -- less competition, more organizer attention, and a real chance at founding-participant recognition. Email the Treasurer's office now and ask to be notified.",https://www.nctreasurer.gov/,Verified announcement Aug 2026 -- program details not yet published,TRUE,4,4,4,5,9,9,not-started,,2026-08-03
knowledge-matters-virtual-business-challenge,Knowledge Matters Virtual Business Challenge (VBC),Competition,Personal Finance,"Knowledge Matters, run in partnership with DECA","Tier 3 - Solid, DECA-linked",Included with DECA participation (chapter fees apply),A few hours per round,High school DECA chapter members,"Online business simulation across eight tracks including Personal Finance, Accounting, and Entrepreneurship; two qualifying rounds then live competition at ICDC","A set of online business simulations where students run a virtual business or manage virtual personal finances, scored competitively. Eight tracks are available to DECA members. Two internet-based qualifying rounds run during the school year, with live timed sessions in the exhibit hall at DECA's International Career Development Conference. Scholarships awarded to the top three at ICDC.","2026-27: team registration opens Sept 29, 2026. Round 1: Oct 13-23, 2026. Round 2: Jan 12-22, 2027. ICDC team confirmation by Mar 5, 2027.","Scholarships, state and international recognition",Requires a DECA chapter. Low effort per round and multiple tracks means several club members can qualify. Good complement to the heavier written competitions.,https://www.knowledgematters.com/high-school/competitions/deca/,Verified Aug 2026,TRUE,4,5,4,4,8,6,not-started,,2026-08-03
deca,DECA (finance and entrepreneurship competitive events),Club / Membership,General Business,DECA Inc.,"Tier 2 - Widely recognized, ICDC placement is a real credential",Membership dues plus conference registration and travel (can be several hundred dollars per student),Sustained -- fall prep through spring conferences,"Members of a chartered high school DECA chapter (~224,000 HS members)","District -> state (association) -> International Career Development Conference (ICDC). Role-plays and case studies, prepared written events, and online simulations.","The largest business-focused competitive organization for high schoolers, with roughly 60 event options across marketing, finance, hospitality, management, entrepreneurship, and personal financial literacy. Finance-relevant events include Personal Financial Literacy, Financial Consulting, Accounting Applications, Business Finance Series, Financial Literacy Project, Financial Services Team Decision Making, and the DECA Stock Market Game. Role-play events give students 10-15 minutes to solve a case in front of a judge; prepared events require a written project plus presentation and must be started early in the fall.",Year-round. 2026-27 ICDC prepared-event submissions open in late March 2027.,"ICDC medals, scholarships, networking with 80+ corporate and university partners","If your school has a DECA chapter, your investing club should feed it -- the finance cluster events are the natural competitive outlet. If it doesn't, starting one is a legitimate club project. Budget matters: conference costs are the real barrier, so plan fundraising early.",https://www.deca.org/compete,Verified Aug 2026,TRUE,6,7,5,6,9,7,not-started,,2026-08-03
fbla,FBLA (Securities & Investments and finance events),Club / Membership,General Business,Future Business Leaders of America,"Tier 2 - Well recognized, national placement carries weight",Dues plus conference registration and travel,"Study through the year, conferences in spring/summer","Members of a chartered high school FBLA chapter, grades 9-12; dues typically due by December 1","Chapter/region -> State Leadership Conference -> National Leadership Conference. Objective tests, role plays, and presentation events.","FBLA runs 70+ competitive events. The accounting and finance cluster includes Securities & Investments (an objective test covering investment fundamentals, stocks, bonds, mutual funds, derivatives, portfolio management, risk analysis, and financial services regulation), Accounting I and II, Banking & Financial Systems (test plus role play), and Personal Finance. Placing top 10 at nationals makes you ineligible to re-enter that event, which pushes students to broaden. The NLC draws roughly 12,000-15,000 attendees.","2026-27 competitive event guidelines post in early September 2026. NLC 2027: Columbus, OH, June 23-26.","National placement, scholarships, employer and university judging exposure",Securities & Investments is the most directly relevant event to an investing club and it's a pure objective test -- which means it is highly coachable. Build a study group around it; that alone can justify weekly club meetings.,https://www.fbla.org/high-school/competitive-events/,Verified Aug 2026,TRUE,5,6,6,6,9,7,not-started,,2026-08-03
business-professionals-of-america-finance-events,Business Professionals of America (BPA) - Finance events,Club / Membership,General Business,Business Professionals of America,"Tier 3 - Less prestigious than DECA/FBLA, better odds",Dues plus conference costs; virtual events much cheaper,Moderate,Members of a chartered BPA chapter; membership deadline March 15,Regional -> State -> National Leadership Conference. Also national-only Virtual Competitions requiring no regional/state qualification.,"A third CTSO with a Workplace Skills Assessment Program organized into six areas including Finance. Smaller than DECA and FBLA, which cuts both ways -- less prestige, but meaningfully better odds of placing. Notably, BPA offers Virtual Competitions available at the national level only, open to all student members with no qualifying rounds, specifically designed for students whose schools can't fund travel.","Regionals in winter, state in early spring, NLC in May","National placement, workplace skills credentials",The virtual-only national competitions are underrated if travel budget is your constraint -- a genuine national placement without a plane ticket.,https://bpa.org/students/compete/,Verified Aug 2026,TRUE,5,5,5,4,7,6,not-started,,2026-08-03
modeling-the-future-challenge,Modeling the Future Challenge (MTFC),Competition,Quantitative & Modeling,"The Actuarial Foundation, with the Institute of Competition Sciences","Tier 2 - Highly respected, genuinely rigorous",Free,Months of project work,High school students; individual or teams of up to 5,Scenario Phase (dataset + up to 30 questions) -> Semifinalists advance to Project Phase (original actuarial research project) -> regional -> national finals,"A risk-analysis and actuarial modeling competition that is far more rigorous than most business competitions. Teams first work through a structured scenario with a provided dataset, then semifinalists conduct their own original research project modeling real-world data to analyze risks and make recommendations to a company, industry group, or government. About $60,000 in scholarship prizes. 593 students participated in 2025-26. Free training webinars and Excel training materials are provided.",Registration reopens August 2026 for the 2026-27 season,"Up to $60,000 in scholarship prizes, real research experience, actuarial career pathway","Registration is opening RIGHT NOW. This is the best option on the list for a mathematically strong member who wants to produce original research rather than analysis of someone else's prompt. Also the clearest on-ramp to actuarial science, which is an underrated finance career.",https://www.mtfchallenge.org/,Verified Aug 2026,TRUE,9,7,9,7,6,9,not-started,,2026-08-03
mathworks-math-modeling-challenge,MathWorks Math Modeling (M3) Challenge,Competition,Quantitative & Modeling,"SIAM (Society for Industrial and Applied Mathematics), sponsored by MathWorks",Tier 1 - Top-tier quantitative credential,Free,14 concentrated hours plus prep,"US high school juniors and seniors (incl. territories and DoDEA), plus sixth form students in England and Wales. Teams of 3-5 with a teacher coach. Max two teams per school. Homeschool/cyber school eligible. Under 18 needs parental consent.",Teams choose any 14-hour window during Challenge weekend to solve an unseen real-world problem and submit a written paper,"A 14-hour intensive applied math modeling sprint. The problem is unknown until teams log in on Challenge weekend, and it is always a genuine open-ended real-world question -- past topics have covered remote work impacts, the digital divide, and extreme heat. Papers are judged by PhD applied mathematicians in three phases, with triage eliminating two-thirds or more. Over $100,000 in scholarship awards annually and nearly 80,000 students served over two decades.","2026 cycle: registration deadline Feb 20, Challenge weekend Feb 27 - Mar 2. Expect similar 2027 dates.","Over $100,000 in scholarships, national media coverage for top teams","Not finance-specific, but modeling and data skills are exactly what quant finance recruits on -- and it is free with real scholarship money. The two-team-per-school cap means you should choose rosters deliberately. Practice on past problems in January.",https://m3challenge.siam.org/,Verified Aug 2026,TRUE,7,8,9,7,6,8,not-started,,2026-08-03
amc-10-12-aime-usamo,AMC 10/12 -> AIME -> USAMO (quant finance pipeline),Competition,Quantitative & Modeling,"Mathematical Association of America; prizes sponsored by Jane Street, Citadel/Citadel Securities, and Two Sigma",Tier 1 for quant pathways,"Small exam fee, usually covered by the school",Ongoing math practice,"AMC 10 for grade 10 and below, AMC 12 for grade 12 and below; taken at school or an approved site",Multiple-choice exams -> AIME qualification -> USAMO/USAJMO,"Not a finance competition, but included deliberately: the top quantitative trading firms literally sponsor these exams (Jane Street sponsors the AMC 12 prizes, Citadel Securities the AMC 10 A, Two Sigma the AMC 10 B). AIME qualification is the most reliable single signal a high schooler can produce for quant trading and research recruiting later on. If any of your members are aiming at Jane Street, Citadel, Optiver, or SIG, this matters more than any investing competition on this list.","AMC 10/12 A and B in November, AIME in February","AIME/USAMO qualification, direct recruiting visibility with quant firms","Worth saying out loud at a club meeting: students who want quant should treat math contests as the main event and investing competitions as the supplement. Students who want investment banking, asset management, or corporate finance should do the reverse.",https://maa.org/student-programs/amc/,Verified Aug 2026,TRUE,8,9,10,8,4,8,not-started,,2026-08-03
john-locke-institute-global-essay-prize-economics-category,John Locke Institute Global Essay Prize - Economics category,Essay Competition,Economics,"John Locke Institute (Oxford, UK)",Tier 1 - Internationally prestigious,Registration fee (modest); late entries cost more,30-50 hrs on one essay,Students generally under 19 (check current age bands); global,"Independent essay on a set prompt, submitted online","One of the most prestigious essay competitions available to secondary students internationally, with an Economics category alongside philosophy, politics, history, psychology and others. Recent economics prompts have explored personalised pricing, wealth creation, and the implications of a cashless society. Winners are invited to an awards ceremony in Oxford and shortlisting alone is a meaningful distinction. Highly competitive, with entries from academically elite students worldwide.",Multiple deadlines per year; the main global prize deadline is typically late June with registration in spring,"Prizes, Oxford ceremony invitation, exceptional college essay and interview material","Individual pursuit, not a club activity -- but running a club workshop on 'how to argue in economics' using past John Locke prompts is a genuinely good meeting. Verify the exact 2026-27 deadlines and age limits directly; this competition has changed its structure repeatedly.",https://www.johnlockeinstitute.com/essay-competition,Verified competition is active Aug 2026 -- confirm current deadlines and age bands,TRUE,7,9,8,8,4,9,not-started,,2026-08-03
marshall-society-essay-competition,Marshall Society Essay Competition,Essay Competition,Economics,"The Marshall Society, University of Cambridge","Tier 2 - Strong academic signal, Cambridge affiliation",Free,20-40 hrs,"Any student who has not yet begun university studies, worldwide",Single economics essay on one of several set prompts,"Run by Cambridge's undergraduate economics society. The 2026 prompts included whether it is fair to always call tariffs 'bad', the extent to which central banks can stabilise an economy facing external energy shocks, the role of Britain leaving the gold standard in its 1930s recovery, and an analysis of the claim that 'the stock market is not the economy'. Winning essays receive prizes and selected entries are published in The Dismal Scientist, the society's magazine.",Deadline typically late August,"Cash prizes, publication in The Dismal Scientist",Free to enter and the prompts are excellent discussion material even for members who never submit. The 'stock market is not the economy' prompt in particular is a perfect club debate topic. Deadline is imminent -- late August.,https://marshallsoc.org/marshall-society-essay-competition-2026/,Verified Aug 2026,TRUE,6,8,8,7,3,10,not-started,,2026-08-03
royal-economic-society-young-economist-of-the-year,Royal Economic Society Young Economist of the Year,Essay Competition,Economics,"Royal Economic Society (UK), historically in association with the Financial Times","Tier 2 - Very selective, respected academically",Free,15-25 hrs,"High school students worldwide, typically ages 16-18, taking A-level economics or equivalent","1,500-word short research paper on one of several announced topics","A long-running and highly selective economics essay prize. In 2019, 1,300 submissions yielded 36 shortlisted entries -- roughly a 2.7% shortlisting rate. The best overall essay historically received GBP 1,000 with GBP 200 for the best essay on each topic. Shortlisted authors are named on the RES website and are colloquially regarded as winners. The 1,500-word limit is unusually tight, which rewards precision over volume.",Essays typically due in June,"Cash prizes, RES recognition, publication of names","The tight word count makes this less time-intensive than John Locke while still being highly selective. Good option for a strong writer with limited bandwidth. UK-oriented, so US shortlistings stand out.",https://res.org.uk/,Verified competition exists Aug 2026 -- confirm current year's topics and deadline,TRUE,5,8,7,7,3,8,not-started,,2026-08-03
diamond-challenge,Diamond Challenge,Competition,Entrepreneurship & Pitch,"Horn Entrepreneurship, University of Delaware",Tier 1 - Premier HS entrepreneurship competition,Free to enter,3-4 months of sustained work,"High school students aged 14-18, any country. Teams of 2-4 plus one adult mentor.",Written concept + short video submission -> pitch round (live or virtual) -> semifinals -> Diamond Challenge Summit finals,"One of the most established global entrepreneurship competitions for high schoolers, running since 2012 with academic grounding from a real university entrepreneurship program. Two tracks: Business Innovation (revenue and market focused) and Social Innovation (impact driven). Over $100,000 in prizes, with grand prizes around $12,000 / $8,000 / $4,500 per track plus topical awards in areas like waste and recycling innovation and technology application. Attracts students from 50+ countries. No entry fee, and free resources are provided to students and educators.","2026 cycle opened Sept 17, 2025 and closed Jan 15, 2026; finalists named in March, summit late April. Expect a similar Sept 2026 - Jan 2027 window.","Over $100,000 total prize pool, Summit trip, global network, real startup funding","Free, high prestige, and real money -- the effort is the only barrier. If any club members have a business idea sitting idle, this is the vehicle. The Social Innovation track is typically less crowded than Business Innovation.",https://diamondchallenge.org/,Verified Aug 2026,TRUE,8,8,6,8,7,9,not-started,,2026-08-03
blue-ocean-student-entrepreneur-competition,Blue Ocean Student Entrepreneur Competition,Competition,Entrepreneurship & Pitch,Blue Ocean Competition (based on Blue Ocean Strategy),Tier 3 - Accessible; growing scale dilutes selectivity,Free,10-20 hrs,High school students worldwide; solo or teams of up to 5. Just an idea is enough -- no existing business required.,Fully virtual. Submit a recorded pitch of a 'blue ocean' business concept.,"A fully virtual global pitch competition built around blue ocean strategy -- creating uncontested market space rather than competing in existing markets. Deliberately low-barrier: students with nothing but an idea can enter, no prototype or revenue needed. Participation has grown fast, from about 2,500 students in 2022 to more than 23,000 in 2026. Cash prizes for students and prizes for their schools, with certificates for all participants.",2026 deadline was Feb 22; 2027 registration already open,"Cash prizes, school prizes, entrepreneur feedback, certificates",The single lowest-barrier real competition on this list. Excellent for getting every club member one legitimate competition entry under their belt. Registration for 2027 is open now.,https://blueoceancompetition.org/,Verified Aug 2026,TRUE,5,6,4,5,8,10,not-started,,2026-08-03
conrad-challenge,Conrad Challenge,Competition,Entrepreneurship & Pitch,Conrad Foundation (hosted with Space Center Houston),"Tier 2 - Prestigious, heavily STEM-weighted",Entry fees apply at later stages,8 months,"Students roughly ages 13-18 worldwide; teams can mix siblings, classmates, and students from other schools",Activation Stage -> Innovation Stage (business plan and technical submission) -> Innovation Summit finals (top 5 per category),"A STEM-plus-entrepreneurship competition running August through April in three phases. Teams identify a real problem, develop a technical innovation, and build a full business plan around it, competing in categories such as Aerospace & Aviation, Cyber-Technology & Security, Energy & Environment, and Health & Nutrition. Winners earn 'Pete Conrad Scholar' recognition, college scholarships, international trips, and discounted access to professional services for launching their venture.","Runs August through April; Innovation Stage judging in February, Summit in spring","Pete Conrad Scholar title, scholarships, international trips, venture support",Heavy lift and more engineering than finance. Only worth it if you have a team genuinely committed for the full school year and with a technical member. The business-plan component is where finance-minded students add value.,https://conrad.spacecenter.org/the-challenge/,Verified Aug 2026,TRUE,9,8,7,7,5,8,not-started,,2026-08-03
nfte-world-series-of-innovation,NFTE World Series of Innovation,Competition,Entrepreneurship & Pitch,Network for Teaching Entrepreneurship (NFTE),"Tier 3 - Accessible, decent recognition",Free,10-20 hrs,Ages 13-24 globally (Imagination League for ages 5-12); solo or teams of 2-4,Free online submission responding to sponsored challenge prompts tied to UN Sustainable Development Goals,"A free, fully online global competition where young people design solutions to real-world problems aligned with the UN Sustainable Development Goals. Each challenge is sponsored by a major company. NFTE provides optional virtual workshops, webinars, and Innovation Labs teaching design thinking. Prize pool exceeds $20,000, with the three highest-scoring entries per category typically receiving $1,500, $600, and $300.",Challenges launch ~Sept 9; submissions due ~Dec 12; judging Feb-Apr,"Cash prizes up to $1,500 per category, corporate sponsor exposure",Multiple categories means multiple shots -- run different club members at different challenges. Fall launch aligns well with early-year club momentum.,https://nfte.com/,Verified Aug 2026,TRUE,4,5,4,5,8,10,not-started,,2026-08-03
wharton-global-youth-program,"Wharton Global Youth Program (LBW, Essentials of Finance, Moneyball, FBW, Data Science Academy)",Summer Program,General Business,"The Wharton School, University of Pennsylvania",Tier 1 for brand; note it confers no Penn admissions advantage,"Roughly $7,300-$12,000 per session; need-based aid available","3 weeks on campus, plus application work",Grades 9-12. Minimum 3.3 unweighted GPA generally; 3.5+ for Leadership in the Business World and the Management & Technology Summer Institute.,"On-campus and online summer sessions. Application requires transcript, one recommendation, two short essays (~150-200 words), and a 90-second video or 500-word alternate.","The best-known business pre-college program in the US. Leadership in the Business World (LBW) is a three-week on-campus program for rising seniors, running since 1999, covering business fundamentals and organizational strategy through team projects, simulations, and debates, ending in a capstone case competition. Other tracks include Essentials of Finance, Moneyball Academy (sports analytics), Data Science Academy, and the online Future of the Business World. Flagship tracks admit roughly 17-20% of applicants. Need-based scholarships are available.",Applications typically open in the fall with priority deadlines in winter for the following summer,"Wharton certificate of completion, faculty instruction, strong peer network","Be honest with your members about the tradeoff: Wharton itself states participation does not guarantee Penn admission, and admissions officers know these programs are largely pay-to-attend. A student who wins a free national competition often signals more than one who paid $10,000 for a summer. Apply for the need-based aid if cost is a barrier -- it exists and is underused.",https://globalyouth.wharton.upenn.edu/,Verified Aug 2026,TRUE,6,9,5,8,2,3,not-started,,2026-08-03
jane-street-academy-of-math-and-programming,Jane Street Academy of Math and Programming (AMP),Summer Program,Quantitative & Modeling,Jane Street Capital,"Tier 1 - Elite, fully funded, direct industry connection","Free -- plus a $5,000 scholarship to each participant",5 weeks residential,Graduating high school seniors interested in math and computer science who have experienced barriers to accessing advanced STEM opportunities. Must be authorized to work in the US.,Five-week residential summer program in New York with a student-to-teacher ratio under 4:1,"A fully funded five-week residential program run by one of the world's top quantitative trading firms. Tuition, housing, meals, travel, and social activities are all covered, and each participant receives a $5,000 scholarship. Days consist of interactive classes, game playing, and problem solving with intensive instructor support. Explicitly designed for students who have faced barriers to advanced STEM education -- this is a genuine access program, not a marketing exercise.","2026: application deadline Mar 11, program Jun 29 - Jul 31. Expect similar 2027 timing.","$5,000 scholarship, elite instruction, direct relationship with Jane Street","Only for graduating seniors, and the eligibility criteria are specific -- read them carefully rather than assuming. For a member who fits, this is arguably the single highest-value opportunity in this entire database. Mark March 11 on your calendar for current juniors.",https://www.janestreet.com/join-jane-street/programs-and-events/amp/,Verified Aug 2026,TRUE,6,10,9,9,1,5,not-started,,2026-08-03
launchx,LaunchX,Summer Program,Entrepreneurship & Pitch,"LaunchX (originally MIT-affiliated, now independent)",Tier 2 - Well regarded in entrepreneurship circles,Paid; varies by format (in-person vs online),"Multiple weeks, full-time",High school students; selective application,"Intensive summer startup accelerator -- teams validate customer needs, prototype, and pitch to investors","A venture-creation program rather than a business class. Participants form startup teams, do customer discovery, build a minimum viable product, and pitch to real investors and mentors on a structured timeline with published build milestones. More execution-focused than most university pre-college business programs, which tend toward lectures and case studies.",Summer sessions; applications in winter/spring,"An actual launched venture, investor pitch experience, founder network","Better value than a passive lecture-based program if a member actually wants to build something. Still paid, so weigh it against free competitions with real prize money like Diamond Challenge.",https://www.launchx.com/,Verified program active Aug 2026 -- confirm current pricing and dates,TRUE,8,6,6,6,3,4,not-started,,2026-08-03
paid-pre-college-finance-programs,"Paid pre-college finance programs (NYIF, Bentley Wall Street 101, and similar)",Summer Program,General Business,"New York Institute of Finance, Bentley University, and various commercial providers","Commercial - real learning, minimal admissions signal","Typically $2,000-$6,000+",1-2 weeks,Generally open enrollment for high school students who can pay,"One- to two-week intensive courses in financial markets, investing, and Wall Street fundamentals","A large category of paid, largely non-selective programs teaching finance basics -- markets, stocks, bonds, currencies, commodities, valuation. NYIF's two-week Wall Street program includes a team equity research exercise where students screen companies and build a small portfolio. Bentley's Wall Street 101 offers residential, commuter, and online formats. The instruction can be legitimately good; the admissions signal is close to zero because acceptance is essentially guaranteed.","Summer, rolling admissions","Genuine foundational knowledge, some industry exposure, certificate","Included so your members can price-compare honestly. Everything taught in these programs is available free through CME Institute, YIS resources, Khan Academy, and Forage. Spend the money on travel to a national competition finals instead -- that's a better use of the same dollars.",https://precollegeprograms.nyif.com/,Verified Aug 2026,TRUE,3,1,4,2,2,3,not-started,,2026-08-03
nc-department-of-state-treasurer-high-school-financial-liter,NC Department of State Treasurer High School Financial Literacy Internship,Internship,Career Access (NC Local),North Carolina Department of State Treasurer,Tier 2 in-state - rare genuine HS finance internship,Free (paid via $500 scholarship),"Part-time, virtual, one term","North Carolina high school juniors and seniors, statewide","Virtual internship. One student selected each for fall, spring, and summer terms.","Announced by Treasurer Brad Briner in April 2026 at the NC Personal Finance Challenge state championship. The internship includes one-on-one mentorship with leadership across the department, a day of shadowing at Fidelity Investments in RTP, and hands-on work developing curriculum for the state's new high school financial literacy clubs. Completing students receive a $500 scholarship. The department won the Institute for Financial Literacy's 2026 national Government Organization of the Year award for its Finance Fridays newsletter.","Fall, spring, and summer cohorts -- one student each. Fall 2026 selection likely happening now.","$500 scholarship, mentorship with state financial leadership, Fidelity shadow day, curriculum-building credit","THE standout local opportunity, and structurally very hard to find elsewhere: genuine paid-equivalent finance internships for 16-17 year olds barely exist. Only one student per term, so it's competitive -- but the applicant pool is limited to NC students who happen to know about it, which is a small number. Contact the Treasurer's office directly and ask about the fall cycle.",https://www.nctreasurer.gov/,"Verified Aug 2026 -- application portal details not yet published, contact directly",TRUE,4,7,3,6,4,8,not-started,,2026-08-03
nc-high-school-financial-literacy-clubs,NC High School Financial Literacy Clubs (State Treasurer initiative),Club / Membership,Career Access (NC Local),North Carolina Department of State Treasurer,Infrastructure with state-level affiliation,Free,Ongoing,NC high schools,School-based clubs using curriculum adapted from the Finance Fridays newsletter,"The Treasurer's office is launching a network of financial literacy clubs in high schools across the state, built on an architecture that expands each Finance Fridays newsletter article into discussion prompts and activities. Rolling out starting fall 2026. For a club that already exists, this is free curriculum plus a direct line to the state Treasurer's office.",Launching fall 2026,"Free curriculum, state affiliation, likely priority for the new statewide competition and internship","Strongly recommend affiliating early. Being one of the first chartered clubs gives your members an inside track on the internship, the new statewide competition, and any Fidelity/RTP connections the office builds. Low cost, high optionality.",https://www.nctreasurer.gov/,Verified announcement Aug 2026 -- enrollment process not yet published,TRUE,3,1,2,4,10,9,not-started,,2026-08-03
rock-the-street-wall-street,"Rock The Street, Wall Street (RTSWS)",Program / Mentorship,Career Access,"Rock The Street, Wall Street (501(c)(3))",Tier 3 as a credential; Tier 1 for actual industry access,Free to schools and students,A few hours per week during sessions,"High school female-identifying and non-binary students, typically grades 9-11. School must host a chapter.","Year-long program: fall financial/investment literacy workshops (5 weeks) taught by female finance professionals, a 'Wall Street Experience' field trip, spring mentorship pairing, and a scholarship/internship/job board","A free nonprofit program bringing working female finance professionals into schools to teach financial and investment mathematics, with an explicit mission of widening the pipeline into finance careers. The four components are workshops with hands-on financial projects, a field trip to a financial institution, one-to-one mentorship with a seasoned professional, and access to an internship and job board. Students also build resumes and LinkedIn profiles. There is a Student CEO role for students who lead their school's cohort.",Fall workshop sessions and spring mentorship; Student CEO applications run for the following school year,"Direct professional mentorship, industry field trip, internship/job board access, leadership title","The mentorship and job board are the real value here, not the credential. If your school doesn't have a chapter, requesting one is a concrete, achievable club project -- it costs the school nothing. The Student CEO role is a genuine leadership line for a member.",https://rockthestreetwallstreet.com/rtsws-programs/high-school-program/,Verified Aug 2026,TRUE,3,3,2,4,6,6,not-started,,2026-08-03
forage-virtual-job-simulations,"Forage virtual job simulations (J.P. Morgan, Goldman Sachs, Citi, Bloomberg)",Virtual Experience,Career Access,"Forage, in partnership with 125+ employers",Tier 4 as credential - Tier 1 as free skill-building,Free,5-7 hrs per module,"Open access, no application, no selection. Verify Forage's minimum age terms before signing up minors.",Self-paced online modules (typically 5-7 hours each) with real employer-designed tasks and model answers,"Free, self-paced simulations built by actual employers. The J.P. Morgan investment banking track covers M&A, financial modeling, and DCF analysis; other finance tracks include asset management, markets, and quantitative research. Each module gives you a task, lets you submit work, then shows the company's own model answer so you can compare. Completion yields a shareable certificate. There is no selection process at all -- which is exactly why it carries limited admissions weight but real learning value.","Available year-round, no deadlines","Certificates, concrete exposure to real analyst tasks, DCF and modeling practice","Represent these honestly. They are simulations, not internships, and a resume line reading 'J.P. Morgan Investment Banking Virtual Experience (via Forage)' is accurate while 'J.P. Morgan intern' is not -- admissions officers and recruiters know the difference and misrepresenting it backfires badly. As a club activity, doing the JPM IB module together and comparing model answers is an excellent free workshop.",https://www.theforage.com/,Verified Aug 2026 -- confirm minimum age in Forage's terms before minors register,TRUE,2,1,3,2,7,10,not-started,,2026-08-03
bank-of-america-student-leaders,Bank of America Student Leaders,Internship,Career Access,Bank of America,Tier 2 - but no longer a high school opportunity,Free (paid internship),6 weeks full-time,"CHANGED: as of the 2026 cycle this is for FIRST-YEAR COLLEGE STUDENTS, not high schoolers. Requires being 18+, having earned a HS diploma within 24 months, 12-18 post-secondary credit hours, and residing in an eligible market.",Paid six-week full-time internship at a local nonprofit plus a three-day national Leadership Summit,"A well-known paid leadership internship placing students with local nonprofit organizations, combined with an all-expenses-paid Leadership Summit. Historically it was open to high school juniors and seniors, and many listicles still describe it that way -- but the 2026 cycle explicitly requires applicants to be at least 18, hold a high school diploma earned within the last 24 months, and have completed 12-18 hours of post-secondary credit. Applications for 2026 closed March 16.","Applications typically open in winter, close mid-March, program June-July","Paid internship, Leadership Summit, national network","Included specifically as a CORRECTION. Many blog posts aimed at high schoolers still list this as a HS program and your members will waste time on it. It is now a college-freshman program -- worth knowing about for seniors planning ahead, not for current underclassmen.",https://about.bankofamerica.com/en/making-an-impact/student-leaders,"Verified Aug 2026 -- eligibility changed, confirm before applying",TRUE,6,9,3,7,1,2,not-started,,2026-08-03
local-ria-community-bank-wealth-management-outreach,Local RIA / community bank / wealth management outreach (DIY internship),Internship,Career Access,Self-directed,Varies -- but real work experience beats most branded programs,Free,Varies,Anyone willing to send cold emails,"Direct outreach to local firms for part-time, summer, or shadowing arrangements","The most reliable path to an actual high school finance internship is the one nobody advertises. Registered investment advisors, community banks, credit unions, insurance and wealth management offices, and local financial planning and accounting practices regularly take on a high school helper for data entry, research support, client mailings, and administrative work. These roles are rarely posted -- they appear because a student asked. The Raleigh-Durham area has a dense concentration of financial services employers including a large Fidelity campus in RTP.",Year-round; best outreach windows are February-April for summer roles,"Genuine work experience, a professional reference, sometimes pay","Turn this into a club project: build a shared spreadsheet of every RIA, credit union, and planning firm within 20 miles, draft one good outreach email template together, and have every member send ten. If 5% respond, several members get real experience. This is more likely to produce a genuine internship than any national program on this list.",,"Strategy recommendation, not a specific program",FALSE,5,4,3,5,8,8,not-started,,2026-08-03
free-self-study-stack,"Free self-study stack (CME Institute, YIS resources, SEC/FINRA investor education)",Learning Resource,Skill Building,Various,Not a credential - foundational knowledge,Free,"Ongoing, self-paced",Open to all,"Free online courses, videos, templates, and reference material","A curated free curriculum a club can run without spending anything: CME Institute courses on futures and derivatives (genuinely rigorous and hard to find at this level), YIS instructional videos, the intrinsic value model, the stock pitch report template, and the Stock Investing 101 eBook, plus SEC and FINRA investor education materials on market structure, fees, and fraud. Combined, this covers more ground than most paid pre-college programs.",Anytime,"Actual competence, which is what makes the competitions winnable",Build your club's fall meeting syllabus out of this. Competitions are the output; this is the input. A club that competes without teaching tends to have one strong senior carrying everything and nothing left behind when they graduate.,https://www.cmegroup.com/education.html,Verified resources exist Aug 2026,TRUE,4,1,5,1,10,10,not-started,,2026-08-03
bloomberg-market-concepts-cfa-institute-investment-foundatio,Bloomberg Market Concepts (BMC) / CFA Institute Investment Foundations,Certification,Skill Building,Bloomberg L.P. / CFA Institute,"Tier 3 - recognized names, entry-level content",VERIFY -- pricing and availability have changed; BMC is sometimes free via institutional access,10-30 hrs,Open enrollment; BMC is often free through subscribing universities and some school programs,Self-paced online courses with certificates,"Two recognized entry-level finance credentials. Bloomberg Market Concepts is a self-paced course covering economic indicators, currencies, fixed income, and equities using Bloomberg terminal data, and is a widely recognized name in finance recruiting. The CFA Institute's introductory investment foundations program covers the structure and function of the investment industry. Both are more commonly taken by university students but neither restricts high schoolers.",Self-paced,"Recognized certificate, industry vocabulary","I did not verify current pricing or the exact status of the CFA introductory program -- both have been restructured in recent years. Check directly before committing club funds. Ask whether NC State, UNC, or Duke would extend BMC access to a local high school club; institutional access is sometimes shareable and it costs them nothing to say yes.",https://portal.bloombergforeducation.com/,NOT VERIFIED -- confirm current pricing and availability directly,FALSE,4,1,5,4,6,6,not-started,,2026-08-03
